{
  "train_losses": [
    5.651901960481792,
    4.2827978969929745,
    3.9561612413444425,
    3.7976413455501605,
    3.7385347533172832
  ],
  "val_losses": [
    7.120481822699985,
    5.991401557043923,
    5.472786170203045,
    5.2892204325145045,
    5.11746914935722,
    4.990421008554945,
    4.884270784026418,
    4.804866031990352,
    4.724567043365103,
    4.659671792755681,
    4.5977883899741485,
    4.542225455446156,
    4.514751977223315,
    4.471051722653725,
    4.4313973428864735,
    4.397747335967506,
    4.36903923065546,
    4.346785962941216,
    4.325926284324525,
    4.308989627578371,
    4.293875755672477,
    4.2791775928999884,
    4.271692937493703,
    4.26102135791284,
    4.255650087781028,
    4.251233595195611,
    4.247031765274866,
    4.2406339433977855,
    4.241332232992397,
    4.240630888512795,
    4.2395241898320215
  ],
  "val_perplexities": [
    1237.0463268978472,
    399.9748047679093,
    238.12271980261235,
    198.18886357748713,
    166.91240425019402,
    146.99829801095566,
    132.19403217839246,
    122.1031320118472,
    112.68170152106576,
    105.60141731817093,
    99.26453825256563,
    93.89953700202048,
    91.35490511506343,
    87.44864638846423,
    84.0487798576833,
    81.26759372864203,
    78.9677254713739,
    77.22984402336368,
    75.63554043748003,
    74.36531430685098,
    73.24981744476825,
    72.18105337989459,
    71.64281982747166,
    70.88234273725854,
    70.50263519562657,
    70.19194741019058,
    69.89763155098007,
    69.4518664380911,
    69.50038089034842,
    69.45165427095085,
    69.37483473267307
  ],
  "eval_steps": [
    100,
    200,
    300,
    400,
    500,
    600,
    700,
    800,
    900,
    1000,
    1100,
    1200,
    1300,
    1400,
    1500,
    1600,
    1700,
    1800,
    1900,
    2000,
    2100,
    2200,
    2300,
    2400,
    2500,
    2600,
    2700,
    2800,
    2900,
    3000,
    3100
  ],
  "step_log": [
    [
      20,
      8.886255264282227
    ],
    [
      40,
      8.442790985107422
    ],
    [
      60,
      7.999293327331543
    ],
    [
      80,
      7.6295952796936035
    ],
    [
      100,
      7.010294437408447
    ],
    [
      120,
      6.589602470397949
    ],
    [
      140,
      6.321290016174316
    ],
    [
      160,
      6.109836101531982
    ],
    [
      180,
      5.74758243560791
    ],
    [
      200,
      5.706713676452637
    ],
    [
      220,
      5.752879619598389
    ],
    [
      240,
      5.410366535186768
    ],
    [
      260,
      5.314780235290527
    ],
    [
      280,
      5.299715518951416
    ],
    [
      300,
      5.1246514320373535
    ],
    [
      320,
      5.16404390335083
    ],
    [
      340,
      4.951298713684082
    ],
    [
      360,
      5.007894992828369
    ],
    [
      380,
      5.078982353210449
    ],
    [
      400,
      4.909956455230713
    ],
    [
      420,
      4.856923580169678
    ],
    [
      440,
      4.837250232696533
    ],
    [
      460,
      4.7359161376953125
    ],
    [
      480,
      4.80024528503418
    ],
    [
      500,
      4.960111618041992
    ],
    [
      520,
      4.728827953338623
    ],
    [
      540,
      4.512495040893555
    ],
    [
      560,
      4.598322868347168
    ],
    [
      580,
      4.727794170379639
    ],
    [
      600,
      4.582398414611816
    ],
    [
      620,
      4.712121963500977
    ],
    [
      640,
      4.4967145919799805
    ],
    [
      660,
      4.541294574737549
    ],
    [
      680,
      4.406295299530029
    ],
    [
      700,
      4.506465435028076
    ],
    [
      720,
      4.552384853363037
    ],
    [
      740,
      4.354832649230957
    ],
    [
      760,
      4.519399642944336
    ],
    [
      780,
      4.474221229553223
    ],
    [
      800,
      4.46239709854126
    ],
    [
      820,
      4.220766067504883
    ],
    [
      840,
      4.090975761413574
    ],
    [
      860,
      4.3235321044921875
    ],
    [
      880,
      4.367111682891846
    ],
    [
      900,
      4.33828592300415
    ],
    [
      920,
      4.420231342315674
    ],
    [
      940,
      4.288188934326172
    ],
    [
      960,
      4.1100993156433105
    ],
    [
      980,
      4.338749408721924
    ],
    [
      1000,
      4.175734519958496
    ],
    [
      1020,
      4.065103054046631
    ],
    [
      1040,
      4.380293369293213
    ],
    [
      1060,
      4.167100429534912
    ],
    [
      1080,
      4.264486789703369
    ],
    [
      1100,
      4.149681091308594
    ],
    [
      1120,
      4.100178241729736
    ],
    [
      1140,
      4.098654747009277
    ],
    [
      1160,
      4.072227478027344
    ],
    [
      1180,
      4.188422203063965
    ],
    [
      1200,
      4.031336784362793
    ],
    [
      1220,
      4.094078540802002
    ],
    [
      1240,
      4.320840835571289
    ],
    [
      1260,
      4.135358810424805
    ],
    [
      1280,
      4.204094886779785
    ],
    [
      1300,
      4.140369892120361
    ],
    [
      1320,
      4.203519821166992
    ],
    [
      1340,
      3.9197235107421875
    ],
    [
      1360,
      3.9246413707733154
    ],
    [
      1380,
      4.035654067993164
    ],
    [
      1400,
      3.875059127807617
    ],
    [
      1420,
      3.9494242668151855
    ],
    [
      1440,
      3.8159031867980957
    ],
    [
      1460,
      4.089719772338867
    ],
    [
      1480,
      3.9567816257476807
    ],
    [
      1500,
      3.880765914916992
    ],
    [
      1520,
      3.994892120361328
    ],
    [
      1540,
      3.9094066619873047
    ],
    [
      1560,
      3.9557065963745117
    ],
    [
      1580,
      3.9907190799713135
    ],
    [
      1600,
      4.039061069488525
    ],
    [
      1620,
      3.927933931350708
    ],
    [
      1640,
      3.979992389678955
    ],
    [
      1660,
      3.796717882156372
    ],
    [
      1680,
      3.942603588104248
    ],
    [
      1700,
      3.642270803451538
    ],
    [
      1720,
      3.8643741607666016
    ],
    [
      1740,
      3.8479583263397217
    ],
    [
      1760,
      3.784334897994995
    ],
    [
      1780,
      4.169107437133789
    ],
    [
      1800,
      3.8244545459747314
    ],
    [
      1820,
      3.953920602798462
    ],
    [
      1840,
      3.782334804534912
    ],
    [
      1860,
      3.841757297515869
    ],
    [
      1880,
      3.8289003372192383
    ],
    [
      1900,
      3.840684413909912
    ],
    [
      1920,
      3.996692419052124
    ],
    [
      1940,
      3.9432315826416016
    ],
    [
      1960,
      3.855600595474243
    ],
    [
      1980,
      3.807096242904663
    ],
    [
      2000,
      3.7745957374572754
    ],
    [
      2020,
      3.9719202518463135
    ],
    [
      2040,
      4.004434108734131
    ],
    [
      2060,
      3.657275676727295
    ],
    [
      2080,
      3.9438157081604004
    ],
    [
      2100,
      3.7165534496307373
    ],
    [
      2120,
      3.92228627204895
    ],
    [
      2140,
      3.95741605758667
    ],
    [
      2160,
      3.83437442779541
    ],
    [
      2180,
      3.9999454021453857
    ],
    [
      2200,
      3.776249408721924
    ],
    [
      2220,
      3.800816535949707
    ],
    [
      2240,
      3.7948904037475586
    ],
    [
      2260,
      3.6940059661865234
    ],
    [
      2280,
      3.9093680381774902
    ],
    [
      2300,
      3.8610737323760986
    ],
    [
      2320,
      3.917593240737915
    ],
    [
      2340,
      3.8474855422973633
    ],
    [
      2360,
      3.735619306564331
    ],
    [
      2380,
      3.7873144149780273
    ],
    [
      2400,
      3.875736713409424
    ],
    [
      2420,
      3.572883367538452
    ],
    [
      2440,
      3.6322531700134277
    ],
    [
      2460,
      3.7888541221618652
    ],
    [
      2480,
